{
  "test/testsuite.qunit-dbg.js": 1742378269637,
  "test/integration/opaTests.qunit.js": 1742378269641,
  "test/integration/pages/RisksList.js": 1742378269649,
  "test/integration/pages/RisksObjectPage.js": 1742378269649,
  "test/integration/FirstJourney.js": 1742378269649,
  "test/testsuite.qunit.js": 1742378269637,
  "xs-app.json": 1742462328130,
  "manifest.json": 1742399962621,
  "Component.js": 1742378269617,
  "test/integration/opaTests.qunit-dbg.js": 1742378269641,
  "test/integration/opaTests.qunit.js.map": 1742462334540,
  "test/integration/pages/RisksList-dbg.js": 1742378269649,
  "test/integration/pages/RisksList.js.map": 1742462334540,
  "test/integration/pages/RisksObjectPage-dbg.js": 1742378269649,
  "test/integration/pages/RisksObjectPage.js.map": 1742462334540,
  "test/integration/FirstJourney-dbg.js": 1742378269649,
  "test/integration/FirstJourney.js.map": 1742462334542,
  "i18n/i18n.properties": 1742378272069,
  "test/testsuite.qunit.js.map": 1742462334543,
  "Component-dbg.js": 1742378269617,
  "Component.js.map": 1742462334541,
  "Component-preload.js": 1742462334717,
  "Component-preload.js.map": 1742462334717,
  "test/integration/opaTests.qunit.html": 1742378269641,
  "test/testsuite.qunit.html": 1742378269637,
  "test/flpSandbox.html": 1742378269637,
  "index.html": 1742378269617
}